-- phpMyAdmin SQL Dump
-- version 5.2.1
-- https://www.phpmyadmin.net/
--
-- Hôte : 127.0.0.1:3306
-- Généré le : lun. 03 nov. 2025 à 10:35
-- Version du serveur : 9.1.0
-- Version de PHP : 8.3.14

SET SQL_MODE = "NO_AUTO_VALUE_ON_ZERO";
START TRANSACTION;
SET time_zone = "+00:00";


/*!40101 SET @OLD_CHARACTER_SET_CLIENT=@@CHARACTER_SET_CLIENT */;
/*!40101 SET @OLD_CHARACTER_SET_RESULTS=@@CHARACTER_SET_RESULTS */;
/*!40101 SET @OLD_COLLATION_CONNECTION=@@COLLATION_CONNECTION */;
/*!40101 SET NAMES utf8mb4 */;

--
-- Base de données : `ecole_sports`
--

-- --------------------------------------------------------

--
-- Structure de la table `ecoles`
--

DROP TABLE IF EXISTS `ecoles`;
CREATE TABLE IF NOT EXISTS `ecoles` (
  `id` int NOT NULL AUTO_INCREMENT,
  `nom` varchar(200) NOT NULL,
  PRIMARY KEY (`id`),
  UNIQUE KEY `nom` (`nom`)
) ENGINE=MyISAM AUTO_INCREMENT=4 DEFAULT CHARSET=utf8mb4 COLLATE=utf8mb4_0900_ai_ci;

--
-- Déchargement des données de la table `ecoles`
--

INSERT INTO `ecoles` (`id`, `nom`) VALUES
(1, 'Ecole_1'),
(2, 'Ecole_2'),
(3, 'Ecole_3');

-- --------------------------------------------------------

--
-- Structure de la table `eleves`
--

DROP TABLE IF EXISTS `eleves`;
CREATE TABLE IF NOT EXISTS `eleves` (
  `id` int NOT NULL AUTO_INCREMENT,
  `nom_complet` varchar(200) NOT NULL,
  `ecole_id` int NOT NULL,
  PRIMARY KEY (`id`),
  KEY `ecole_id` (`ecole_id`)
) ENGINE=MyISAM AUTO_INCREMENT=433 DEFAULT CHARSET=utf8mb4 COLLATE=utf8mb4_0900_ai_ci;

--
-- Déchargement des données de la table `eleves`
--

INSERT INTO `eleves` (`id`, `nom_complet`, `ecole_id`) VALUES
(1, 'Eleve_1_Ecole_1', 1),
(2, 'Eleve_2_Ecole_1', 1),
(3, 'Eleve_3_Ecole_1', 1),
(4, 'Eleve_4_Ecole_1', 1),
(5, 'Eleve_5_Ecole_1', 1),
(6, 'Eleve_6_Ecole_1', 1),
(7, 'Eleve_7_Ecole_1', 1),
(8, 'Eleve_8_Ecole_1', 1),
(9, 'Eleve_9_Ecole_1', 1),
(10, 'Eleve_10_Ecole_1', 1),
(11, 'Eleve_11_Ecole_1', 1),
(12, 'Eleve_12_Ecole_1', 1),
(13, 'Eleve_13_Ecole_1', 1),
(14, 'Eleve_14_Ecole_1', 1),
(15, 'Eleve_15_Ecole_1', 1),
(16, 'Eleve_16_Ecole_1', 1),
(17, 'Eleve_17_Ecole_1', 1),
(18, 'Eleve_18_Ecole_1', 1),
(19, 'Eleve_19_Ecole_1', 1),
(20, 'Eleve_20_Ecole_1', 1),
(21, 'Eleve_21_Ecole_1', 1),
(22, 'Eleve_22_Ecole_1', 1),
(23, 'Eleve_23_Ecole_1', 1),
(24, 'Eleve_24_Ecole_1', 1),
(25, 'Eleve_25_Ecole_1', 1),
(26, 'Eleve_26_Ecole_1', 1),
(27, 'Eleve_27_Ecole_1', 1),
(28, 'Eleve_28_Ecole_1', 1),
(29, 'Eleve_29_Ecole_1', 1),
(30, 'Eleve_30_Ecole_1', 1),
(31, 'Eleve_31_Ecole_1', 1),
(32, 'Eleve_32_Ecole_1', 1),
(33, 'Eleve_33_Ecole_1', 1),
(34, 'Eleve_34_Ecole_1', 1),
(35, 'Eleve_35_Ecole_1', 1),
(36, 'Eleve_36_Ecole_1', 1),
(37, 'Eleve_37_Ecole_1', 1),
(38, 'Eleve_38_Ecole_1', 1),
(39, 'Eleve_39_Ecole_1', 1),
(40, 'Eleve_40_Ecole_1', 1),
(41, 'Eleve_41_Ecole_1', 1),
(42, 'Eleve_42_Ecole_1', 1),
(43, 'Eleve_43_Ecole_1', 1),
(44, 'Eleve_44_Ecole_1', 1),
(45, 'Eleve_45_Ecole_1', 1),
(46, 'Eleve_46_Ecole_1', 1),
(47, 'Eleve_47_Ecole_1', 1),
(48, 'Eleve_48_Ecole_1', 1),
(49, 'Eleve_49_Ecole_1', 1),
(50, 'Eleve_50_Ecole_1', 1),
(51, 'Eleve_51_Ecole_1', 1),
(52, 'Eleve_52_Ecole_1', 1),
(53, 'Eleve_53_Ecole_1', 1),
(54, 'Eleve_54_Ecole_1', 1),
(55, 'Eleve_55_Ecole_1', 1),
(56, 'Eleve_56_Ecole_1', 1),
(57, 'Eleve_57_Ecole_1', 1),
(58, 'Eleve_58_Ecole_1', 1),
(59, 'Eleve_59_Ecole_1', 1),
(60, 'Eleve_60_Ecole_1', 1),
(61, 'Eleve_61_Ecole_1', 1),
(62, 'Eleve_62_Ecole_1', 1),
(63, 'Eleve_63_Ecole_1', 1),
(64, 'Eleve_64_Ecole_1', 1),
(65, 'Eleve_65_Ecole_1', 1),
(66, 'Eleve_66_Ecole_1', 1),
(67, 'Eleve_67_Ecole_1', 1),
(68, 'Eleve_68_Ecole_1', 1),
(69, 'Eleve_69_Ecole_1', 1),
(70, 'Eleve_70_Ecole_1', 1),
(71, 'Eleve_71_Ecole_1', 1),
(72, 'Eleve_72_Ecole_1', 1),
(73, 'Eleve_73_Ecole_1', 1),
(74, 'Eleve_74_Ecole_1', 1),
(75, 'Eleve_75_Ecole_1', 1),
(76, 'Eleve_76_Ecole_1', 1),
(77, 'Eleve_77_Ecole_1', 1),
(78, 'Eleve_78_Ecole_1', 1),
(79, 'Eleve_79_Ecole_1', 1),
(80, 'Eleve_80_Ecole_1', 1),
(81, 'Eleve_81_Ecole_1', 1),
(82, 'Eleve_82_Ecole_1', 1),
(83, 'Eleve_83_Ecole_1', 1),
(84, 'Eleve_84_Ecole_1', 1),
(85, 'Eleve_85_Ecole_1', 1),
(86, 'Eleve_86_Ecole_1', 1),
(87, 'Eleve_87_Ecole_1', 1),
(88, 'Eleve_88_Ecole_1', 1),
(89, 'Eleve_89_Ecole_1', 1),
(90, 'Eleve_90_Ecole_1', 1),
(91, 'Eleve_91_Ecole_1', 1),
(92, 'Eleve_92_Ecole_1', 1),
(93, 'Eleve_93_Ecole_1', 1),
(94, 'Eleve_94_Ecole_1', 1),
(95, 'Eleve_95_Ecole_1', 1),
(96, 'Eleve_96_Ecole_1', 1),
(97, 'Eleve_97_Ecole_1', 1),
(98, 'Eleve_98_Ecole_1', 1),
(99, 'Eleve_99_Ecole_1', 1),
(100, 'Eleve_100_Ecole_1', 1),
(101, 'Eleve_101_Ecole_1', 1),
(102, 'Eleve_102_Ecole_1', 1),
(103, 'Eleve_103_Ecole_1', 1),
(104, 'Eleve_104_Ecole_1', 1),
(105, 'Eleve_105_Ecole_1', 1),
(106, 'Eleve_106_Ecole_1', 1),
(107, 'Eleve_107_Ecole_1', 1),
(108, 'Eleve_108_Ecole_1', 1),
(109, 'Eleve_109_Ecole_1', 1),
(110, 'Eleve_110_Ecole_1', 1),
(111, 'Eleve_1_Ecole_2', 2),
(112, 'Eleve_2_Ecole_2', 2),
(113, 'Eleve_3_Ecole_2', 2),
(114, 'Eleve_4_Ecole_2', 2),
(115, 'Eleve_5_Ecole_2', 2),
(116, 'Eleve_6_Ecole_2', 2),
(117, 'Eleve_7_Ecole_2', 2),
(118, 'Eleve_8_Ecole_2', 2),
(119, 'Eleve_9_Ecole_2', 2),
(120, 'Eleve_10_Ecole_2', 2),
(121, 'Eleve_11_Ecole_2', 2),
(122, 'Eleve_12_Ecole_2', 2),
(123, 'Eleve_13_Ecole_2', 2),
(124, 'Eleve_14_Ecole_2', 2),
(125, 'Eleve_15_Ecole_2', 2),
(126, 'Eleve_16_Ecole_2', 2),
(127, 'Eleve_17_Ecole_2', 2),
(128, 'Eleve_18_Ecole_2', 2),
(129, 'Eleve_19_Ecole_2', 2),
(130, 'Eleve_20_Ecole_2', 2),
(131, 'Eleve_21_Ecole_2', 2),
(132, 'Eleve_22_Ecole_2', 2),
(133, 'Eleve_23_Ecole_2', 2),
(134, 'Eleve_24_Ecole_2', 2),
(135, 'Eleve_25_Ecole_2', 2),
(136, 'Eleve_26_Ecole_2', 2),
(137, 'Eleve_27_Ecole_2', 2),
(138, 'Eleve_28_Ecole_2', 2),
(139, 'Eleve_29_Ecole_2', 2),
(140, 'Eleve_30_Ecole_2', 2),
(141, 'Eleve_31_Ecole_2', 2),
(142, 'Eleve_32_Ecole_2', 2),
(143, 'Eleve_33_Ecole_2', 2),
(144, 'Eleve_34_Ecole_2', 2),
(145, 'Eleve_35_Ecole_2', 2),
(146, 'Eleve_36_Ecole_2', 2),
(147, 'Eleve_37_Ecole_2', 2),
(148, 'Eleve_38_Ecole_2', 2),
(149, 'Eleve_39_Ecole_2', 2),
(150, 'Eleve_40_Ecole_2', 2),
(151, 'Eleve_41_Ecole_2', 2),
(152, 'Eleve_42_Ecole_2', 2),
(153, 'Eleve_43_Ecole_2', 2),
(154, 'Eleve_44_Ecole_2', 2),
(155, 'Eleve_45_Ecole_2', 2),
(156, 'Eleve_46_Ecole_2', 2),
(157, 'Eleve_47_Ecole_2', 2),
(158, 'Eleve_48_Ecole_2', 2),
(159, 'Eleve_49_Ecole_2', 2),
(160, 'Eleve_50_Ecole_2', 2),
(161, 'Eleve_51_Ecole_2', 2),
(162, 'Eleve_52_Ecole_2', 2),
(163, 'Eleve_53_Ecole_2', 2),
(164, 'Eleve_54_Ecole_2', 2),
(165, 'Eleve_55_Ecole_2', 2),
(166, 'Eleve_56_Ecole_2', 2),
(167, 'Eleve_57_Ecole_2', 2),
(168, 'Eleve_58_Ecole_2', 2),
(169, 'Eleve_59_Ecole_2', 2),
(170, 'Eleve_60_Ecole_2', 2),
(171, 'Eleve_61_Ecole_2', 2),
(172, 'Eleve_62_Ecole_2', 2),
(173, 'Eleve_63_Ecole_2', 2),
(174, 'Eleve_64_Ecole_2', 2),
(175, 'Eleve_65_Ecole_2', 2),
(176, 'Eleve_66_Ecole_2', 2),
(177, 'Eleve_67_Ecole_2', 2),
(178, 'Eleve_68_Ecole_2', 2),
(179, 'Eleve_69_Ecole_2', 2),
(180, 'Eleve_70_Ecole_2', 2),
(181, 'Eleve_71_Ecole_2', 2),
(182, 'Eleve_72_Ecole_2', 2),
(183, 'Eleve_73_Ecole_2', 2),
(184, 'Eleve_74_Ecole_2', 2),
(185, 'Eleve_75_Ecole_2', 2),
(186, 'Eleve_76_Ecole_2', 2),
(187, 'Eleve_77_Ecole_2', 2),
(188, 'Eleve_78_Ecole_2', 2),
(189, 'Eleve_79_Ecole_2', 2),
(190, 'Eleve_80_Ecole_2', 2),
(191, 'Eleve_81_Ecole_2', 2),
(192, 'Eleve_82_Ecole_2', 2),
(193, 'Eleve_83_Ecole_2', 2),
(194, 'Eleve_84_Ecole_2', 2),
(195, 'Eleve_85_Ecole_2', 2),
(196, 'Eleve_86_Ecole_2', 2),
(197, 'Eleve_87_Ecole_2', 2),
(198, 'Eleve_88_Ecole_2', 2),
(199, 'Eleve_89_Ecole_2', 2),
(200, 'Eleve_90_Ecole_2', 2),
(201, 'Eleve_91_Ecole_2', 2),
(202, 'Eleve_92_Ecole_2', 2),
(203, 'Eleve_93_Ecole_2', 2),
(204, 'Eleve_94_Ecole_2', 2),
(205, 'Eleve_95_Ecole_2', 2),
(206, 'Eleve_96_Ecole_2', 2),
(207, 'Eleve_97_Ecole_2', 2),
(208, 'Eleve_98_Ecole_2', 2),
(209, 'Eleve_99_Ecole_2', 2),
(210, 'Eleve_100_Ecole_2', 2),
(211, 'Eleve_101_Ecole_2', 2),
(212, 'Eleve_102_Ecole_2', 2),
(213, 'Eleve_103_Ecole_2', 2),
(214, 'Eleve_104_Ecole_2', 2),
(215, 'Eleve_105_Ecole_2', 2),
(216, 'Eleve_106_Ecole_2', 2),
(217, 'Eleve_107_Ecole_2', 2),
(218, 'Eleve_108_Ecole_2', 2),
(219, 'Eleve_109_Ecole_2', 2),
(220, 'Eleve_110_Ecole_2', 2),
(221, 'Eleve_111_Ecole_2', 2),
(222, 'Eleve_112_Ecole_2', 2),
(223, 'Eleve_113_Ecole_2', 2),
(224, 'Eleve_114_Ecole_2', 2),
(225, 'Eleve_115_Ecole_2', 2),
(226, 'Eleve_116_Ecole_2', 2),
(227, 'Eleve_117_Ecole_2', 2),
(228, 'Eleve_118_Ecole_2', 2),
(229, 'Eleve_119_Ecole_2', 2),
(230, 'Eleve_120_Ecole_2', 2),
(231, 'Eleve_121_Ecole_2', 2),
(232, 'Eleve_122_Ecole_2', 2),
(233, 'Eleve_123_Ecole_2', 2),
(234, 'Eleve_124_Ecole_2', 2),
(235, 'Eleve_125_Ecole_2', 2),
(236, 'Eleve_126_Ecole_2', 2),
(237, 'Eleve_127_Ecole_2', 2),
(238, 'Eleve_128_Ecole_2', 2),
(239, 'Eleve_129_Ecole_2', 2),
(240, 'Eleve_130_Ecole_2', 2),
(241, 'Eleve_131_Ecole_2', 2),
(242, 'Eleve_132_Ecole_2', 2),
(243, 'Eleve_133_Ecole_2', 2),
(244, 'Eleve_134_Ecole_2', 2),
(245, 'Eleve_135_Ecole_2', 2),
(246, 'Eleve_136_Ecole_2', 2),
(247, 'Eleve_137_Ecole_2', 2),
(248, 'Eleve_138_Ecole_2', 2),
(249, 'Eleve_139_Ecole_2', 2),
(250, 'Eleve_140_Ecole_2', 2),
(251, 'Eleve_141_Ecole_2', 2),
(252, 'Eleve_142_Ecole_2', 2),
(253, 'Eleve_143_Ecole_2', 2),
(254, 'Eleve_144_Ecole_2', 2),
(255, 'Eleve_145_Ecole_2', 2),
(256, 'Eleve_146_Ecole_2', 2),
(257, 'Eleve_147_Ecole_2', 2),
(258, 'Eleve_148_Ecole_2', 2),
(259, 'Eleve_149_Ecole_2', 2),
(260, 'Eleve_150_Ecole_2', 2),
(261, 'Eleve_151_Ecole_2', 2),
(262, 'Eleve_152_Ecole_2', 2),
(263, 'Eleve_153_Ecole_2', 2),
(264, 'Eleve_154_Ecole_2', 2),
(265, 'Eleve_155_Ecole_2', 2),
(266, 'Eleve_156_Ecole_2', 2),
(267, 'Eleve_157_Ecole_2', 2),
(268, 'Eleve_158_Ecole_2', 2),
(269, 'Eleve_159_Ecole_2', 2),
(270, 'Eleve_160_Ecole_2', 2),
(271, 'Eleve_161_Ecole_2', 2),
(272, 'Eleve_162_Ecole_2', 2),
(273, 'Eleve_163_Ecole_2', 2),
(274, 'Eleve_164_Ecole_2', 2),
(275, 'Eleve_165_Ecole_2', 2),
(276, 'Eleve_1_Ecole_3', 3),
(277, 'Eleve_2_Ecole_3', 3),
(278, 'Eleve_3_Ecole_3', 3),
(279, 'Eleve_4_Ecole_3', 3),
(280, 'Eleve_5_Ecole_3', 3),
(281, 'Eleve_6_Ecole_3', 3),
(282, 'Eleve_7_Ecole_3', 3),
(283, 'Eleve_8_Ecole_3', 3),
(284, 'Eleve_9_Ecole_3', 3),
(285, 'Eleve_10_Ecole_3', 3),
(286, 'Eleve_11_Ecole_3', 3),
(287, 'Eleve_12_Ecole_3', 3),
(288, 'Eleve_13_Ecole_3', 3),
(289, 'Eleve_14_Ecole_3', 3),
(290, 'Eleve_15_Ecole_3', 3),
(291, 'Eleve_16_Ecole_3', 3),
(292, 'Eleve_17_Ecole_3', 3),
(293, 'Eleve_18_Ecole_3', 3),
(294, 'Eleve_19_Ecole_3', 3),
(295, 'Eleve_20_Ecole_3', 3),
(296, 'Eleve_21_Ecole_3', 3),
(297, 'Eleve_22_Ecole_3', 3),
(298, 'Eleve_23_Ecole_3', 3),
(299, 'Eleve_24_Ecole_3', 3),
(300, 'Eleve_25_Ecole_3', 3),
(301, 'Eleve_26_Ecole_3', 3),
(302, 'Eleve_27_Ecole_3', 3),
(303, 'Eleve_28_Ecole_3', 3),
(304, 'Eleve_29_Ecole_3', 3),
(305, 'Eleve_30_Ecole_3', 3),
(306, 'Eleve_31_Ecole_3', 3),
(307, 'Eleve_32_Ecole_3', 3),
(308, 'Eleve_33_Ecole_3', 3),
(309, 'Eleve_34_Ecole_3', 3),
(310, 'Eleve_35_Ecole_3', 3),
(311, 'Eleve_36_Ecole_3', 3),
(312, 'Eleve_37_Ecole_3', 3),
(313, 'Eleve_38_Ecole_3', 3),
(314, 'Eleve_39_Ecole_3', 3),
(315, 'Eleve_40_Ecole_3', 3),
(316, 'Eleve_41_Ecole_3', 3),
(317, 'Eleve_42_Ecole_3', 3),
(318, 'Eleve_43_Ecole_3', 3),
(319, 'Eleve_44_Ecole_3', 3),
(320, 'Eleve_45_Ecole_3', 3),
(321, 'Eleve_46_Ecole_3', 3),
(322, 'Eleve_47_Ecole_3', 3),
(323, 'Eleve_48_Ecole_3', 3),
(324, 'Eleve_49_Ecole_3', 3),
(325, 'Eleve_50_Ecole_3', 3),
(326, 'Eleve_51_Ecole_3', 3),
(327, 'Eleve_52_Ecole_3', 3),
(328, 'Eleve_53_Ecole_3', 3),
(329, 'Eleve_54_Ecole_3', 3),
(330, 'Eleve_55_Ecole_3', 3),
(331, 'Eleve_56_Ecole_3', 3),
(332, 'Eleve_57_Ecole_3', 3),
(333, 'Eleve_58_Ecole_3', 3),
(334, 'Eleve_59_Ecole_3', 3),
(335, 'Eleve_60_Ecole_3', 3),
(336, 'Eleve_61_Ecole_3', 3),
(337, 'Eleve_62_Ecole_3', 3),
(338, 'Eleve_63_Ecole_3', 3),
(339, 'Eleve_64_Ecole_3', 3),
(340, 'Eleve_65_Ecole_3', 3),
(341, 'Eleve_66_Ecole_3', 3),
(342, 'Eleve_67_Ecole_3', 3),
(343, 'Eleve_68_Ecole_3', 3),
(344, 'Eleve_69_Ecole_3', 3),
(345, 'Eleve_70_Ecole_3', 3),
(346, 'Eleve_71_Ecole_3', 3),
(347, 'Eleve_72_Ecole_3', 3),
(348, 'Eleve_73_Ecole_3', 3),
(349, 'Eleve_74_Ecole_3', 3),
(350, 'Eleve_75_Ecole_3', 3),
(351, 'Eleve_76_Ecole_3', 3),
(352, 'Eleve_77_Ecole_3', 3),
(353, 'Eleve_78_Ecole_3', 3),
(354, 'Eleve_79_Ecole_3', 3),
(355, 'Eleve_80_Ecole_3', 3),
(356, 'Eleve_81_Ecole_3', 3),
(357, 'Eleve_82_Ecole_3', 3),
(358, 'Eleve_83_Ecole_3', 3),
(359, 'Eleve_84_Ecole_3', 3),
(360, 'Eleve_85_Ecole_3', 3),
(361, 'Eleve_86_Ecole_3', 3),
(362, 'Eleve_87_Ecole_3', 3),
(363, 'Eleve_88_Ecole_3', 3),
(364, 'Eleve_89_Ecole_3', 3),
(365, 'Eleve_90_Ecole_3', 3),
(366, 'Eleve_91_Ecole_3', 3),
(367, 'Eleve_92_Ecole_3', 3),
(368, 'Eleve_93_Ecole_3', 3),
(369, 'Eleve_94_Ecole_3', 3),
(370, 'Eleve_95_Ecole_3', 3),
(371, 'Eleve_96_Ecole_3', 3),
(372, 'Eleve_97_Ecole_3', 3),
(373, 'Eleve_98_Ecole_3', 3),
(374, 'Eleve_99_Ecole_3', 3),
(375, 'Eleve_100_Ecole_3', 3),
(376, 'Eleve_101_Ecole_3', 3),
(377, 'Eleve_102_Ecole_3', 3),
(378, 'Eleve_103_Ecole_3', 3),
(379, 'Eleve_104_Ecole_3', 3),
(380, 'Eleve_105_Ecole_3', 3),
(381, 'Eleve_106_Ecole_3', 3),
(382, 'Eleve_107_Ecole_3', 3),
(383, 'Eleve_108_Ecole_3', 3),
(384, 'Eleve_109_Ecole_3', 3),
(385, 'Eleve_110_Ecole_3', 3),
(386, 'Eleve_111_Ecole_3', 3),
(387, 'Eleve_112_Ecole_3', 3),
(388, 'Eleve_113_Ecole_3', 3),
(389, 'Eleve_114_Ecole_3', 3),
(390, 'Eleve_115_Ecole_3', 3),
(391, 'Eleve_116_Ecole_3', 3),
(392, 'Eleve_117_Ecole_3', 3),
(393, 'Eleve_118_Ecole_3', 3),
(394, 'Eleve_119_Ecole_3', 3),
(395, 'Eleve_120_Ecole_3', 3),
(396, 'Eleve_121_Ecole_3', 3),
(397, 'Eleve_122_Ecole_3', 3),
(398, 'Eleve_123_Ecole_3', 3),
(399, 'Eleve_124_Ecole_3', 3),
(400, 'Eleve_125_Ecole_3', 3),
(401, 'Eleve_126_Ecole_3', 3),
(402, 'Eleve_127_Ecole_3', 3),
(403, 'Eleve_128_Ecole_3', 3),
(404, 'Eleve_129_Ecole_3', 3),
(405, 'Eleve_130_Ecole_3', 3),
(406, 'Eleve_131_Ecole_3', 3),
(407, 'Eleve_132_Ecole_3', 3),
(408, 'Eleve_133_Ecole_3', 3),
(409, 'Eleve_134_Ecole_3', 3),
(410, 'Eleve_135_Ecole_3', 3),
(411, 'Eleve_136_Ecole_3', 3),
(412, 'Eleve_137_Ecole_3', 3),
(413, 'Eleve_138_Ecole_3', 3),
(414, 'Eleve_139_Ecole_3', 3),
(415, 'Eleve_140_Ecole_3', 3),
(416, 'Eleve_141_Ecole_3', 3),
(417, 'Eleve_142_Ecole_3', 3),
(418, 'Eleve_143_Ecole_3', 3),
(419, 'Eleve_144_Ecole_3', 3),
(420, 'Eleve_145_Ecole_3', 3),
(421, 'Eleve_146_Ecole_3', 3),
(422, 'Eleve_147_Ecole_3', 3),
(423, 'Eleve_148_Ecole_3', 3),
(424, 'Eleve_149_Ecole_3', 3),
(425, 'Eleve_150_Ecole_3', 3),
(426, 'Eleve_151_Ecole_3', 3),
(427, 'Eleve_152_Ecole_3', 3),
(428, 'Eleve_153_Ecole_3', 3),
(429, 'Eleve_154_Ecole_3', 3),
(430, 'Eleve_155_Ecole_3', 3),
(431, 'Eleve_156_Ecole_3', 3),
(432, 'Eleve_157_Ecole_3', 3);

-- --------------------------------------------------------

--
-- Structure de la table `pratique_sport`
--

DROP TABLE IF EXISTS `pratique_sport`;
CREATE TABLE IF NOT EXISTS `pratique_sport` (
  `eleve_id` int NOT NULL,
  `sport_id` int NOT NULL,
  PRIMARY KEY (`eleve_id`,`sport_id`),
  KEY `sport_id` (`sport_id`)
) ENGINE=MyISAM DEFAULT CHARSET=utf8mb4 COLLATE=utf8mb4_0900_ai_ci;

--
-- Déchargement des données de la table `pratique_sport`
--

INSERT INTO `pratique_sport` (`eleve_id`, `sport_id`) VALUES
(3, 2),
(4, 1),
(4, 5),
(5, 3),
(5, 4),
(6, 1),
(6, 3),
(6, 5),
(8, 4),
(9, 1),
(9, 3),
(9, 5),
(10, 2),
(10, 5),
(12, 1),
(12, 2),
(12, 5),
(14, 1),
(14, 2),
(16, 2),
(16, 3),
(16, 5),
(19, 1),
(19, 3),
(20, 2),
(20, 3),
(20, 5),
(23, 1),
(23, 3),
(25, 1),
(26, 5),
(27, 2),
(27, 5),
(28, 3),
(28, 4),
(28, 5),
(29, 5),
(30, 3),
(31, 4),
(31, 5),
(32, 3),
(32, 4),
(32, 5),
(33, 3),
(34, 2),
(34, 3),
(35, 3),
(36, 4),
(37, 1),
(37, 2),
(37, 4),
(39, 1),
(39, 5),
(40, 2),
(40, 4),
(40, 5),
(41, 5),
(42, 2),
(42, 3),
(42, 4),
(43, 1),
(43, 2),
(43, 4),
(44, 2),
(44, 4),
(44, 5),
(45, 5),
(46, 4),
(47, 3),
(47, 4),
(47, 5),
(48, 1),
(48, 4),
(49, 1),
(49, 3),
(50, 2),
(51, 3),
(51, 4),
(53, 1),
(53, 2),
(53, 4),
(54, 2),
(54, 3),
(58, 1),
(58, 3),
(58, 4),
(59, 1),
(59, 4),
(59, 5),
(60, 1),
(60, 2),
(61, 4),
(62, 2),
(63, 4),
(63, 5),
(64, 2),
(65, 1),
(65, 5),
(66, 1),
(66, 4),
(66, 5),
(67, 4),
(67, 5),
(68, 2),
(68, 3),
(69, 4),
(69, 5),
(70, 1),
(71, 4),
(73, 1),
(76, 2),
(76, 3),
(76, 4),
(79, 1),
(79, 3),
(80, 1),
(80, 3),
(80, 5),
(82, 2),
(82, 5),
(83, 1),
(83, 2),
(84, 3),
(84, 4),
(84, 5),
(85, 1),
(85, 3),
(85, 5),
(86, 1),
(86, 2),
(86, 4),
(87, 2),
(87, 4),
(88, 5),
(89, 4),
(89, 5),
(90, 1),
(90, 4),
(91, 1),
(91, 3),
(91, 4),
(93, 1),
(93, 3),
(94, 1),
(95, 4),
(96, 4),
(96, 5),
(97, 1),
(97, 2),
(100, 2),
(100, 3),
(100, 5),
(101, 1),
(101, 4),
(101, 5),
(102, 1),
(102, 3),
(102, 5),
(105, 1),
(107, 1),
(107, 3),
(108, 3),
(108, 4),
(109, 1),
(109, 2),
(109, 4),
(110, 1),
(110, 2),
(110, 3),
(111, 5),
(113, 2),
(115, 1),
(115, 2),
(115, 4),
(116, 5),
(118, 5),
(120, 3),
(120, 5),
(122, 3),
(124, 1),
(124, 4),
(126, 4),
(127, 2),
(128, 2),
(128, 5),
(129, 1),
(129, 2),
(129, 5),
(130, 4),
(131, 2),
(131, 3),
(132, 1),
(134, 1),
(134, 2),
(134, 4),
(135, 1),
(136, 1),
(136, 3),
(136, 4),
(137, 3),
(138, 3),
(139, 1),
(139, 3),
(139, 5),
(140, 2),
(140, 3),
(140, 5),
(142, 3),
(143, 2),
(143, 3),
(143, 5),
(145, 5),
(146, 1),
(146, 4),
(148, 2),
(148, 4),
(149, 1),
(149, 3),
(149, 4),
(150, 1),
(150, 3),
(150, 4),
(151, 5),
(152, 5),
(153, 1),
(153, 5),
(155, 1),
(155, 5),
(156, 2),
(156, 4),
(158, 5),
(159, 1),
(159, 2),
(159, 3),
(161, 4),
(162, 5),
(163, 2),
(163, 3),
(163, 5),
(164, 3),
(167, 5),
(168, 5),
(169, 1),
(171, 4),
(173, 2),
(173, 4),
(176, 1),
(176, 3),
(176, 5),
(180, 1),
(180, 2),
(182, 3),
(183, 3),
(184, 2),
(185, 1),
(186, 2),
(186, 5),
(187, 1),
(189, 5),
(190, 5),
(191, 3),
(191, 4),
(191, 5),
(192, 2),
(192, 4),
(192, 5),
(194, 2),
(194, 3),
(196, 3),
(196, 5),
(197, 4),
(198, 2),
(198, 5),
(200, 1),
(201, 3),
(203, 1),
(203, 3),
(205, 1),
(205, 2),
(206, 3),
(207, 2),
(208, 1),
(209, 2),
(211, 2),
(212, 5),
(213, 2),
(213, 3),
(214, 2),
(215, 1),
(215, 3),
(215, 5),
(217, 5),
(218, 1),
(219, 2),
(219, 4),
(219, 5),
(220, 1),
(220, 2),
(220, 5),
(221, 4),
(223, 3),
(223, 4),
(223, 5),
(224, 2),
(224, 3),
(224, 4),
(225, 1),
(225, 3),
(226, 4),
(228, 2),
(228, 4),
(229, 2),
(230, 1),
(230, 2),
(230, 3),
(231, 1),
(231, 3),
(231, 4),
(232, 5),
(233, 5),
(234, 3),
(236, 2),
(236, 3),
(236, 4),
(237, 2),
(237, 3),
(237, 5),
(238, 1),
(238, 4),
(238, 5),
(239, 2),
(239, 3),
(239, 4),
(240, 1),
(240, 3),
(241, 2),
(242, 5),
(244, 3),
(245, 3),
(245, 4),
(245, 5),
(246, 1),
(246, 4),
(246, 5),
(247, 3),
(247, 5),
(248, 2),
(248, 3),
(248, 4),
(250, 3),
(251, 4),
(251, 5),
(253, 3),
(255, 1),
(255, 2),
(255, 5),
(257, 1),
(257, 3),
(257, 5),
(258, 3),
(258, 4),
(258, 5),
(259, 1),
(261, 1),
(262, 2),
(262, 3),
(262, 4),
(263, 4),
(266, 1),
(266, 2),
(266, 5),
(267, 3),
(268, 1),
(269, 2),
(270, 3),
(270, 4),
(272, 4),
(272, 5),
(273, 1),
(273, 3),
(276, 2),
(276, 3),
(276, 4),
(277, 1),
(277, 2),
(278, 1),
(281, 3),
(281, 4),
(282, 1),
(282, 4),
(288, 1),
(288, 4),
(288, 5),
(289, 3),
(289, 4),
(290, 2),
(290, 4),
(291, 4),
(291, 5),
(292, 5),
(293, 1),
(293, 2),
(295, 5),
(297, 2),
(297, 3),
(297, 5),
(298, 1),
(298, 3),
(298, 5),
(299, 1),
(300, 1),
(300, 2),
(301, 2),
(301, 3),
(301, 5),
(302, 1),
(302, 3),
(302, 4),
(303, 3),
(306, 1),
(306, 3),
(306, 4),
(307, 3),
(308, 4),
(309, 1),
(310, 5),
(311, 2),
(311, 3),
(311, 5),
(313, 2),
(313, 5),
(315, 3),
(315, 5),
(316, 1),
(316, 3),
(316, 5),
(317, 2),
(317, 3),
(318, 1),
(318, 3),
(318, 5),
(319, 4),
(320, 4),
(321, 3),
(323, 1),
(323, 3),
(323, 5),
(325, 2),
(325, 3),
(325, 5),
(326, 2),
(327, 1),
(327, 3),
(327, 5),
(328, 1),
(328, 4),
(329, 1),
(329, 2),
(329, 3),
(330, 1),
(330, 3),
(331, 1),
(331, 4),
(331, 5),
(332, 2),
(332, 3),
(332, 5),
(333, 1),
(333, 2),
(333, 5),
(334, 2),
(334, 3),
(335, 3),
(335, 5),
(336, 3),
(337, 5),
(338, 1),
(338, 3),
(339, 1),
(339, 3),
(339, 5),
(341, 1),
(341, 3),
(342, 2),
(342, 4),
(343, 2),
(343, 4),
(345, 5),
(346, 3),
(346, 4),
(346, 5),
(347, 2),
(347, 5),
(348, 1),
(348, 4),
(348, 5),
(349, 3),
(349, 4),
(349, 5),
(350, 1),
(352, 5),
(353, 5),
(354, 2),
(355, 2),
(355, 3),
(355, 4),
(357, 2),
(357, 4),
(358, 5),
(360, 1),
(361, 1),
(361, 2),
(361, 5),
(362, 1),
(362, 2),
(362, 5),
(363, 1),
(363, 2),
(363, 5),
(364, 1),
(364, 5),
(365, 5),
(367, 1),
(367, 2),
(368, 1),
(368, 2),
(369, 1),
(369, 3),
(369, 4),
(370, 1),
(370, 3),
(370, 4),
(371, 2),
(374, 1),
(374, 4),
(374, 5),
(377, 1),
(377, 2),
(377, 3),
(379, 2),
(379, 3),
(379, 5),
(380, 1),
(380, 3),
(381, 2),
(381, 4),
(385, 3),
(385, 4),
(385, 5),
(388, 3),
(388, 4),
(388, 5),
(389, 5),
(391, 2),
(391, 5),
(392, 3),
(392, 5),
(394, 2),
(394, 3),
(395, 2),
(395, 5),
(396, 2),
(397, 3),
(397, 5),
(398, 1),
(398, 2),
(398, 4),
(400, 3),
(401, 2),
(401, 4),
(402, 2),
(403, 2),
(404, 5),
(405, 2),
(405, 4),
(406, 5),
(407, 2),
(408, 3),
(409, 2),
(409, 3),
(410, 2),
(411, 2),
(411, 5),
(413, 5),
(414, 2),
(418, 1),
(418, 2),
(418, 3),
(419, 3),
(419, 4),
(419, 5),
(420, 3),
(420, 4),
(423, 1),
(425, 2),
(425, 4),
(425, 5),
(426, 2),
(426, 3),
(427, 1),
(427, 3),
(427, 4),
(428, 2),
(428, 3),
(429, 2),
(429, 3),
(429, 5),
(430, 2),
(430, 4),
(431, 1),
(431, 2),
(431, 5),
(432, 3),
(432, 4),
(432, 5);

-- --------------------------------------------------------

--
-- Structure de la table `sports`
--

DROP TABLE IF EXISTS `sports`;
CREATE TABLE IF NOT EXISTS `sports` (
  `id` int NOT NULL AUTO_INCREMENT,
  `nom` varchar(100) NOT NULL,
  PRIMARY KEY (`id`),
  UNIQUE KEY `nom` (`nom`)
) ENGINE=MyISAM AUTO_INCREMENT=6 DEFAULT CHARSET=utf8mb4 COLLATE=utf8mb4_0900_ai_ci;

--
-- Déchargement des données de la table `sports`
--

INSERT INTO `sports` (`id`, `nom`) VALUES
(1, 'Boxe'),
(2, 'Judo'),
(3, 'Football'),
(4, 'Natation'),
(5, 'Cyclisme');
COMMIT;

/*!40101 SET CHARACTER_SET_CLIENT=@OLD_CHARACTER_SET_CLIENT */;
/*!40101 SET CHARACTER_SET_RESULTS=@OLD_CHARACTER_SET_RESULTS */;
/*!40101 SET COLLATION_CONNECTION=@OLD_COLLATION_CONNECTION */;
